﻿<?xml version="1.0" encoding="utf-8"?>

<xsi:imovel id="Apartamento" xmlns:xsi="xsdimoveis">

  <xsi:pisos>

    <xsi:piso>
      <xsi:divisoes>

        <xsi:divisao nome="cozinha">
          <xsi:paredes>
            <xsi:parede ID="A1a">
              <xsi:cantos>
                <xsi:canto>
                  <xsi:posicaoDentro X="-8.5" Y="50.0" Z="11.5"/>
                  <xsi:posicaoFora X="-9.0" Y="50.0" Z="12.0"/>
                </xsi:canto>
                <xsi:canto>
                  <xsi:posicaoDentro X="-8.5" Y="50.0" Z="8.0"/>
                  <xsi:posicaoFora X="-9.0" Y="50.0" Z="8.0"/>
                </xsi:canto>
                <xsi:canto>
                  <xsi:posicaoDentro X="-8.5" Y="55.0" Z="8.0"/>
                  <xsi:posicaoFora X="-9.0" Y="55.0" Z="8.0"/>
                </xsi:canto>
                <xsi:canto>
                  <xsi:posicaoDentro X="-8.5" Y="55.0" Z="11.5"/>
                  <xsi:posicaoFora X="-9.0" Y="55.0" Z="12.0"/>
                </xsi:canto>
              </xsi:cantos>
              <xsi:normais>
                <xsi:normal X="0.0" Y="0.0" Z="-1.0"/>
                <xsi:normal X="0.0" Y="1.0" Z="0.0"/>
                <xsi:normal X="-1.0" Y="0.0" Z="0.0"/>
                <xsi:normal X="1.0" Y="0.0" Z="0.0" textura="12"/>
                <xsi:normal X="0.5" Y="0.0" Z="0.5"/>
                <xsi:normal X="0.0" Y="-1.0" Z="0.0"/>
              </xsi:normais>
            </xsi:parede>

            <xsi:parede ID="A1b">
              <xsi:cantos>
                <xsi:canto>
                  <xsi:posicaoDentro X="-8.5" Y="50.0" Z="8.0"/>
                  <xsi:posicaoFora X="-9.0" Y="50.0" Z="8.0"/>
                </xsi:canto>
                <xsi:canto>
                  <xsi:posicaoDentro X="-8.5" Y="50.0" Z="3.0"/>
                  <xsi:posicaoFora X="-9.0" Y="50.0" Z="3.0"/>
                </xsi:canto>
                <xsi:canto>
                  <xsi:posicaoDentro X="-8.5" Y="50.5" Z="3.0"/>
                  <xsi:posicaoFora X="-9.0" Y="50.5" Z="3.0"/>
                </xsi:canto>
                <xsi:canto>
                  <xsi:posicaoDentro X="-8.5" Y="50.5" Z="8.0"/>
                  <xsi:posicaoFora X="-9.0" Y="50.5" Z="8.0"/>
                </xsi:canto>
              </xsi:cantos>
              <xsi:normais>
                <xsi:normal X="0.0" Y="0.0" Z="-1.0"/>
                <xsi:normal X="0.0" Y="1.0" Z="0.0"/>
                <xsi:normal X="-1.0" Y="0.0" Z="0.0"/>
                <xsi:normal X="1.0" Y="0.0" Z="0.0" textura="12"/>
                <xsi:normal X="0.0" Y="0.0" Z="1.0"/>
                <xsi:normal X="0.0" Y="-1.0" Z="0.0"/>
              </xsi:normais>
            </xsi:parede>

            <xsi:parede ID="A1c">
              <xsi:cantos>
                <xsi:canto>
                  <xsi:posicaoDentro X="-8.5" Y="54.5" Z="8.0"/>
                  <xsi:posicaoFora X="-9.0" Y="54.5" Z="8.0"/>
                </xsi:canto>
                <xsi:canto>
                  <xsi:posicaoDentro X="-8.5" Y="54.5" Z="3.0"/>
                  <xsi:posicaoFora X="-9.0" Y="54.5" Z="3.0"/>
                </xsi:canto>
                <xsi:canto>
                  <xsi:posicaoDentro X="-8.5" Y="55.0" Z="3.0"/>
                  <xsi:posicaoFora X="-9.0" Y="55.0" Z="3.0"/>
                </xsi:canto>
                <xsi:canto>
                  <xsi:posicaoDentro X="-8.5" Y="55.0" Z="8.0"/>
                  <xsi:posicaoFora X="-9.0" Y="55.0" Z="8.0"/>
                </xsi:canto>
              </xsi:cantos>
              <xsi:normais>
                <xsi:normal X="0.0" Y="0.0" Z="-1.0"/>
                <xsi:normal X="0.0" Y="1.0" Z="0.0"/>
                <xsi:normal X="-1.0" Y="0.0" Z="0.0"/>
                <xsi:normal X="1.0" Y="0.0" Z="0.0" textura="12"/>
                <xsi:normal X="0.0" Y="0.0" Z="1.0"/>
                <xsi:normal X="0.0" Y="-1.0" Z="0.0"/>
              </xsi:normais>
            </xsi:parede>

            <xsi:parede ID="A1d">
              <xsi:cantos>
                <xsi:canto>
                  <xsi:posicaoDentro X="-8.5" Y="50.0" Z="3.0"/>
                  <xsi:posicaoFora X="-9.0" Y="50.0" Z="3.0"/>
                </xsi:canto>
                <xsi:canto>
                  <xsi:posicaoDentro X="-8.5" Y="50.0" Z="-0.25"/>
                  <xsi:posicaoFora X="-9.0" Y="50.0" Z="-0.25"/>
                </xsi:canto>
                <xsi:canto>
                  <xsi:posicaoDentro X="-8.5" Y="55.0" Z="-0.25"/>
                  <xsi:posicaoFora X="-9.0" Y="55.0" Z="-0.25"/>
                </xsi:canto>
                <xsi:canto>
                  <xsi:posicaoDentro X="-8.5" Y="55.0" Z="3.0"/>
                  <xsi:posicaoFora X="-9.0" Y="55.0" Z="3.0"/>
                </xsi:canto>
              </xsi:cantos>
              <xsi:normais>
                <xsi:normal X="0.0" Y="0.0" Z="-1.0"/>
                <xsi:normal X="0.0" Y="1.0" Z="0.0"/>
                <xsi:normal X="-1.0" Y="0.0" Z="0.0"/>
                <xsi:normal X="1.0" Y="0.0" Z="0.0" textura="12"/>
                <xsi:normal X="0.0" Y="0.0" Z="1.0"/>
                <xsi:normal X="0.0" Y="-1.0" Z="0.0"/>
              </xsi:normais>
            </xsi:parede>

            <xsi:parede ID="C">
              <xsi:cantos>
                <xsi:canto>
                  <xsi:posicaoDentro X="-2.5" Y="50.0" Z="-0.5"/>
                  <xsi:posicaoFora X="-2.0" Y="50.0" Z="0.0"/>
                </xsi:canto>
                <xsi:canto>
                  <xsi:posicaoDentro X="-8.5" Y="50.0" Z="-0.5"/>
                  <xsi:posicaoFora X="-8.5" Y="50.0" Z="0.0"/>
                </xsi:canto>
                <xsi:canto>
                  <xsi:posicaoDentro X="-8.5" Y="55.0" Z="-0.5"/>
                  <xsi:posicaoFora X="-8.5" Y="55.0" Z="0.0"/>
                </xsi:canto>
                <xsi:canto>
                  <xsi:posicaoDentro X="-2.5" Y="55.0" Z="-0.5"/>
                  <xsi:posicaoFora X="-2.0" Y="55.0" Z="0.0"/>
                </xsi:canto>
              </xsi:cantos>
              <xsi:normais>
                <xsi:normal X="-1.0" Y="0.0" Z="0.0"/>
                <xsi:normal X="0.0" Y="1.0" Z="0.0"/>
                <xsi:normal X="0.0" Y="0.0" Z="1.0" textura="12"/>
                <xsi:normal X="0.0" Y="0.0" Z="-1.0" textura="14"/>
                <xsi:normal X="1.0" Y="0.0" Z="0.0"/>
                <xsi:normal X="0.0" Y="-1.0" Z="0.0"/>
              </xsi:normais>
            </xsi:parede>

            <xsi:parede ID="I2">
              <xsi:cantos>
                <xsi:canto>
                  <xsi:posicaoDentro X="3.25" Y="50.0" Z="-0.5"/>
                  <xsi:posicaoFora X="3.25" Y="50.0" Z="0.0"/>
                </xsi:canto>
                <xsi:canto>
                  <xsi:posicaoDentro X="2.5" Y="50.0" Z="-0.5"/>
                  <xsi:posicaoFora X="2.0" Y="50.0" Z="0.0"/>
                </xsi:canto>
                <xsi:canto>
                  <xsi:posicaoDentro X="2.5" Y="55.0" Z="-0.5"/>
                  <xsi:posicaoFora X="2.0" Y="55.0" Z="0.0"/>
                </xsi:canto>
                <xsi:canto>
                  <xsi:posicaoDentro X="3.25" Y="55.0" Z="-0.5"/>
                  <xsi:posicaoFora X="3.25" Y="55.0" Z="0.0"/>
                </xsi:canto>
              </xsi:cantos>
              <xsi:normais>
                <xsi:normal X="-1.0" Y="0.0" Z="0.0"/>
                <xsi:normal X="0.0" Y="1.0" Z="0.0"/>
                <xsi:normal X="0.0" Y="0.0" Z="1.0" textura="12"/>
                <xsi:normal X="0.0" Y="0.0" Z="-1.0" textura="12"/>
                <xsi:normal X="1.0" Y="0.0" Z="0.0"/>
                <xsi:normal X="0.0" Y="-1.0" Z="0.0"/>
              </xsi:normais>
            </xsi:parede>

            <xsi:parede ID="G">
              <xsi:cantos>
                <xsi:canto>
                  <xsi:posicaoDentro X="3.5" Y="50.0" Z="2.5"/>
                  <xsi:posicaoFora X="3.0" Y="50.0" Z="2.5"/>
                </xsi:canto>
                <xsi:canto>
                  <xsi:posicaoDentro X="3.5" Y="50.0" Z="0.0"/>
                  <xsi:posicaoFora X="3.0" Y="50.0" Z="0.0"/>
                </xsi:canto>
                <xsi:canto>
                  <xsi:posicaoDentro X="3.5" Y="55.0" Z="0.0"/>
                  <xsi:posicaoFora X="3.0" Y="55.0" Z="0.0"/>
                </xsi:canto>
                <xsi:canto>
                  <xsi:posicaoDentro X="3.5" Y="55.0" Z="2.5"/>
                  <xsi:posicaoFora X="3.0" Y="55.0" Z="2.5"/>
                </xsi:canto>
              </xsi:cantos>
              <xsi:normais>
                <xsi:normal X="0.0" Y="0.0" Z="-1.0"/>
                <xsi:normal X="0.0" Y="1.0" Z="0.0"/>
                <xsi:normal X="-1.0" Y="0.0" Z="0.0" textura="12"/>
                <xsi:normal X="1.0" Y="0.0" Z="0.0" textura="15"/>
                <xsi:normal X="0.0" Y="0.0" Z="1.0"/>
                <xsi:normal X="0.0" Y="-1.0" Z="0.0"/>
              </xsi:normais>
            </xsi:parede>

            <xsi:parede ID="F">
              <xsi:cantos>
                <xsi:canto>
                  <xsi:posicaoDentro X="8.5" Y="50.0" Z="5.5"/>
                  <xsi:posicaoFora X="8.5" Y="50.0" Z="6.0"/>
                </xsi:canto>
                <xsi:canto>
                  <xsi:posicaoDentro X="3.0" Y="50.0" Z="5.5"/>
                  <xsi:posicaoFora X="3.0" Y="50.0" Z="6.0"/>
                </xsi:canto>
                <xsi:canto>
                  <xsi:posicaoDentro X="3.0" Y="55.0" Z="5.5"/>
                  <xsi:posicaoFora X="3.0" Y="55.0" Z="6.0"/>
                </xsi:canto>
                <xsi:canto>
                  <xsi:posicaoDentro X="8.5" Y="55.0" Z="5.5"/>
                  <xsi:posicaoFora X="8.5" Y="55.0" Z="6.0"/>
                </xsi:canto>
              </xsi:cantos>
              <xsi:normais>
                <xsi:normal X="-1.0" Y="0.0" Z="0.0" textura="12"/>
                <xsi:normal X="0.0" Y="1.0" Z="0.0"/>
                <xsi:normal X="0.0" Y="0.0" Z="1.0" textura="12"/>
                <xsi:normal X="0.0" Y="0.0" Z="-1.0" textura="15"/>
                <xsi:normal X="1.0" Y="0.0" Z="0.0"/>
                <xsi:normal X="0.0" Y="-1.0" Z="0.0"/>
              </xsi:normais>
            </xsi:parede>

            <xsi:parede ID="E1">
              <xsi:cantos>
                <xsi:canto>
                  <xsi:posicaoDentro X="8.5" Y="50.0" Z="5.75"/>
                  <xsi:posicaoFora X="9.0" Y="50.0" Z="5.75"/>
                </xsi:canto>
                <xsi:canto>
                  <xsi:posicaoDentro X="8.5" Y="50.0" Z="7.0"/>
                  <xsi:posicaoFora X="9.0" Y="50.0" Z="7.0"/>
                </xsi:canto>
                <xsi:canto>
                  <xsi:posicaoDentro X="8.5" Y="55.0" Z="7.0"/>
                  <xsi:posicaoFora X="9.0" Y="55.0" Z="7.0"/>
                </xsi:canto>
                <xsi:canto>
                  <xsi:posicaoDentro X="8.5" Y="55.0" Z="5.75"/>
                  <xsi:posicaoFora X="9.0" Y="55.0" Z="5.75"/>
                </xsi:canto>
              </xsi:cantos>
              <xsi:normais>
                <xsi:normal X="-0.5" Y="0.0" Z="0.5"/>
                <xsi:normal X="0.0" Y="1.0" Z="0.0"/>
                <xsi:normal X="1.0" Y="0.0" Z="0.0"/>
                <xsi:normal X="1.0" Y="0.0" Z="0.0"/>
                <xsi:normal X="-1.0" Y="0.0" Z="0.0" textura="12"/>
                <xsi:normal X="0.0" Y="0.0" Z="-1.0"/>
                <xsi:normal X="0.0" Y="-1.0" Z="0.0"/>
              </xsi:normais>
            </xsi:parede>

            <xsi:parede ID="D">
              <xsi:cantos>
                <xsi:canto>
                  <xsi:posicaoDentro X="8.5" Y="50.0" Z="10.0"/>
                  <xsi:posicaoFora X="9.0" Y="50.0" Z="10.0"/>
                </xsi:canto>
                <xsi:canto>
                  <xsi:posicaoDentro X="8.5" Y="50.0" Z="11.5"/>
                  <xsi:posicaoFora X="9.0" Y="50.0" Z="12.0"/>
                </xsi:canto>
                <xsi:canto>
                  <xsi:posicaoDentro X="8.5" Y="55.0" Z="11.5"/>
                  <xsi:posicaoFora X="9.0" Y="55.0" Z="12.0"/>
                </xsi:canto>
                <xsi:canto>
                  <xsi:posicaoDentro X="8.5" Y="55.0" Z="10.0"/>
                  <xsi:posicaoFora X="9.0" Y="55.0" Z="10.0"/>
                </xsi:canto>
              </xsi:cantos>
              <xsi:normais>
                <xsi:normal X="-0.5" Y="0.0" Z="0.5"/>
                <xsi:normal X="0.0" Y="1.0" Z="0.0"/>
                <xsi:normal X="1.0" Y="0.0" Z="0.0"/>
                <xsi:normal X="-1.0" Y="0.0" Z="0.0" textura="12"/>
                <xsi:normal X="0.0" Y="0.0" Z="-1.0"/>
                <xsi:normal X="0.0" Y="-1.0" Z="0.0"/>
              </xsi:normais>
            </xsi:parede>

            <xsi:parede ID="B">
              <xsi:cantos>
                <xsi:canto>
                  <xsi:posicaoDentro X="8.5" Y="50.0" Z="11.5"/>
                  <xsi:posicaoFora X="9.0" Y="50.0" Z="12.0"/>
                </xsi:canto>
                <xsi:canto>
                  <xsi:posicaoDentro X="-8.5" Y="50.0" Z="11.5"/>
                  <xsi:posicaoFora X="-9.0" Y="50.0" Z="12.0"/>
                </xsi:canto>
                <xsi:canto>
                  <xsi:posicaoDentro X="-8.5" Y="55.0" Z="11.5"/>
                  <xsi:posicaoFora X="-9.0" Y="55.0" Z="12.0"/>
                </xsi:canto>
                <xsi:canto>
                  <xsi:posicaoDentro X="8.5" Y="55.0" Z="11.5"/>
                  <xsi:posicaoFora X="9.0" Y="55.0" Z="12.0"/>
                </xsi:canto>
              </xsi:cantos>
              <xsi:normais>
                <xsi:normal X="-0.5" Y="0.0" Z="-0.5"/>
                <xsi:normal X="0.0" Y="1.0" Z="0.0"/>
                <xsi:normal X="0.0" Y="0.0" Z="1.0"/>
                <xsi:normal X="0.0" Y="0.0" Z="-1.0" textura="11"/>
                <xsi:normal X="0.5" Y="0.0" Z="-0.5"/>
                <xsi:normal X="0.0" Y="-1.0" Z="0.0"/>
              </xsi:normais>
            </xsi:parede>

          </xsi:paredes>

          <xsi:chao>
            <xsi:porcao>
              <xsi:cantos>
                <xsi:canto>
                  <xsi:posicaoDentro X="3.25" Y="0.0" Z="-0.25"/>
                  <xsi:posicaoFora X="3.25" Y="0.0" Z="5.75"/>
                </xsi:canto>
                <xsi:canto>
                  <xsi:posicaoDentro X="-9.0" Y="0.0" Z="-0.25"/>
                  <xsi:posicaoFora X="-9.0" Y="0.0" Z="5.75"/>
                </xsi:canto>
                <xsi:canto>
                  <xsi:posicaoDentro X="-9.0" Y="50.0" Z="-0.25"/>
                  <xsi:posicaoFora X="-9.0" Y="50.0" Z="5.75"/>
                </xsi:canto>
                <xsi:canto>
                  <xsi:posicaoDentro X="3.25" Y="50.0" Z="-0.25"/>
                  <xsi:posicaoFora X="3.25" Y="50.0" Z="5.75"/>
                </xsi:canto>
              </xsi:cantos>
              <xsi:normais>
                <xsi:normal X="-1.0" Y="0.0" Z="0.0"/>
                <xsi:normal X="0.0" Y="1.0" Z="0.0" textura="2"/>
                <xsi:normal X="0.0" Y="0.0" Z="1.0"/>
                <xsi:normal X="0.0" Y="0.0" Z="-1.0"/>
                <xsi:normal X="1.0" Y="0.0" Z="0.0"/>
                <xsi:normal X="0.0" Y="-1.0" Z="0.0"/>
              </xsi:normais>
            </xsi:porcao>

            <xsi:porcao>
              <xsi:cantos>
                <xsi:canto>
                  <xsi:posicaoDentro X="9.0" Y="0.0" Z="5.75"/>
                  <xsi:posicaoFora X="9.0" Y="0.0" Z="12.0"/>
                </xsi:canto>
                <xsi:canto>
                  <xsi:posicaoDentro X="-9.0" Y="0.0" Z="5.75"/>
                  <xsi:posicaoFora X="-9.0" Y="0.0" Z="12.0"/>
                </xsi:canto>
                <xsi:canto>
                  <xsi:posicaoDentro X="-9.0" Y="50.0" Z="5.75"/>
                  <xsi:posicaoFora X="-9.0" Y="50.0" Z="12.0"/>
                </xsi:canto>
                <xsi:canto>
                  <xsi:posicaoDentro X="9.0" Y="50.0" Z="5.75"/>
                  <xsi:posicaoFora X="9.0" Y="50.0" Z="12.0"/>
                </xsi:canto>
              </xsi:cantos>
              <xsi:normais>
                <xsi:normal X="-1.0" Y="0.0" Z="0.0" textura="10"/>
                <xsi:normal X="0.0" Y="1.0" Z="0.0" textura="2"/>
                <xsi:normal X="0.0" Y="0.0" Z="1.0" textura="10"/>
                <xsi:normal X="0.0" Y="0.0" Z="-1.0"/>
                <xsi:normal X="1.0" Y="0.0" Z="0.0" textura="10"/>
                <xsi:normal X="0.0" Y="-1.0" Z="0.0"/>
              </xsi:normais>
            </xsi:porcao>
          </xsi:chao>

          <xsi:teto>
            <xsi:porcao>
              <xsi:cantos>
                <xsi:canto>
                  <xsi:posicaoDentro X="3.25" Y="55.0" Z="-0.25"/>
                  <xsi:posicaoFora X="3.25" Y="55.0" Z="5.75"/>
                </xsi:canto>
                <xsi:canto>
                  <xsi:posicaoDentro X="-9.0" Y="55.0" Z="-0.25"/>
                  <xsi:posicaoFora X="-9.0" Y="55.0" Z="5.75"/>
                </xsi:canto>
                <xsi:canto>
                  <xsi:posicaoDentro X="-9.0" Y="100.0" Z="-0.25"/>
                  <xsi:posicaoFora X="-9.0" Y="100.0" Z="5.75"/>
                </xsi:canto>
                <xsi:canto>
                  <xsi:posicaoDentro X="3.25" Y="100.0" Z="-0.25"/>
                  <xsi:posicaoFora X="3.25" Y="100.0" Z="5.75"/>
                </xsi:canto>
              </xsi:cantos>
              <xsi:normais>
                <xsi:normal X="-1.0" Y="0.0" Z="0.0"/>
                <xsi:normal X="0.0" Y="1.0" Z="0.0"/>
                <xsi:normal X="0.0" Y="0.0" Z="1.0"/>
                <xsi:normal X="0.0" Y="0.0" Z="-1.0"/>
                <xsi:normal X="1.0" Y="0.0" Z="0.0"/>
                <xsi:normal X="0.0" Y="-1.0" Z="0.0"/>
              </xsi:normais>
            </xsi:porcao>

            <xsi:porcao>
              <xsi:cantos>
                <xsi:canto>
                  <xsi:posicaoDentro X="9.0" Y="55.0" Z="5.75"/>
                  <xsi:posicaoFora X="9.0" Y="55.0" Z="12.0"/>
                </xsi:canto>
                <xsi:canto>
                  <xsi:posicaoDentro X="-9.0" Y="55.0" Z="5.75"/>
                  <xsi:posicaoFora X="-9.0" Y="55.0" Z="12.0"/>
                </xsi:canto>
                <xsi:canto>
                  <xsi:posicaoDentro X="-9.0" Y="100.0" Z="5.75"/>
                  <xsi:posicaoFora X="-9.0" Y="100.0" Z="12.0"/>
                </xsi:canto>
                <xsi:canto>
                  <xsi:posicaoDentro X="9.0" Y="100.0" Z="5.75"/>
                  <xsi:posicaoFora X="9.0" Y="100.0" Z="12.0"/>
                </xsi:canto>
              </xsi:cantos>
              <xsi:normais>
                <xsi:normal X="-1.0" Y="0.0" Z="0.0" textura="10"/>
                <xsi:normal X="0.0" Y="1.0" Z="0.0"/>
                <xsi:normal X="0.0" Y="0.0" Z="1.0" textura="10"/>
                <xsi:normal X="0.0" Y="0.0" Z="-1.0"/>
                <xsi:normal X="1.0" Y="0.0" Z="0.0" textura="10"/>
                <xsi:normal X="0.0" Y="-1.0" Z="0.0"/>
              </xsi:normais>
            </xsi:porcao>
          </xsi:teto>
        </xsi:divisao>

        <xsi:divisao nome="casa de banho">
          <xsi:paredes>
            <xsi:parede IDR="G"/>

            <xsi:parede ID="I1">
              <xsi:cantos>
                <xsi:canto>
                  <xsi:posicaoDentro X="8.5" Y="50.0" Z="-0.5"/>
                  <xsi:posicaoFora X="8.5" Y="50.0" Z="0.0"/>
                </xsi:canto>
                <xsi:canto>
                  <xsi:posicaoDentro X="3.25" Y="50.0" Z="-0.5"/>
                  <xsi:posicaoFora X="3.25" Y="50.0" Z="0.0"/>
                </xsi:canto>
                <xsi:canto>
                  <xsi:posicaoDentro X="3.25" Y="55.0" Z="-0.5"/>
                  <xsi:posicaoFora X="3.25" Y="55.0" Z="0.0"/>
                </xsi:canto>
                <xsi:canto>
                  <xsi:posicaoDentro X="8.5" Y="55.0" Z="-0.5"/>
                  <xsi:posicaoFora X="8.5" Y="55.0" Z="0.0"/>
                </xsi:canto>
              </xsi:cantos>
              <xsi:normais>
                <xsi:normal X="-1.0" Y="0.0" Z="0.0"/>
                <xsi:normal X="0.0" Y="1.0" Z="0.0"/>
                <xsi:normal X="0.0" Y="0.0" Z="1.0" textura="15"/>
                <xsi:normal X="0.0" Y="0.0" Z="-1.0" textura="12"/>
                <xsi:normal X="1.0" Y="0.0" Z="0.0"/>
                <xsi:normal X="0.0" Y="-1.0" Z="0.0"/>
              </xsi:normais>
            </xsi:parede>

            <xsi:parede ID="E2">
              <xsi:cantos>
                <xsi:canto>
                  <xsi:posicaoDentro X="8.5" Y="50.0" Z="-0.25"/>
                  <xsi:posicaoFora X="9.0" Y="50.0" Z="-0.25"/>
                </xsi:canto>
                <xsi:canto>
                  <xsi:posicaoDentro X="8.5" Y="50.0" Z="5.75"/>
                  <xsi:posicaoFora X="9.0" Y="50.0" Z="5.75"/>
                </xsi:canto>
                <xsi:canto>
                  <xsi:posicaoDentro X="8.5" Y="55.0" Z="5.75"/>
                  <xsi:posicaoFora X="9.0" Y="55.0" Z="5.75"/>
                </xsi:canto>
                <xsi:canto>
                  <xsi:posicaoDentro X="8.5" Y="55.0" Z="-0.25"/>
                  <xsi:posicaoFora X="9.0" Y="55.0" Z="-0.25"/>
                </xsi:canto>
              </xsi:cantos>
              <xsi:normais>
                <xsi:normal X="0.0" Y="0.0" Z="1.0"/>
                <xsi:normal X="0.0" Y="1.0" Z="0.0"/>
                <xsi:normal X="1.0" Y="0.0" Z="0.0"/>
                <xsi:normal X="-1.0" Y="0.0" Z="0.0" textura="15"/>
                <xsi:normal X="0.0" Y="0.0" Z="-1.0"/>
                <xsi:normal X="0.0" Y="-1.0" Z="0.0"/>
              </xsi:normais>
            </xsi:parede>

            <xsi:parede IDR="F"/>
          </xsi:paredes>

          <xsi:chao>
            <xsi:porcao>
              <xsi:cantos>
                <xsi:canto>
                  <xsi:posicaoDentro X="9.0" Y="0.0" Z="-0.25"/>
                  <xsi:posicaoFora X="9.0" Y="0.0" Z="5.75"/>
                </xsi:canto>
                <xsi:canto>
                  <xsi:posicaoDentro X="3.25" Y="0.0" Z="-0.25"/>
                  <xsi:posicaoFora X="3.25" Y="0.0" Z="5.75"/>
                </xsi:canto>
                <xsi:canto>
                  <xsi:posicaoDentro X="3.25" Y="50.0" Z="-0.25"/>
                  <xsi:posicaoFora X="3.25" Y="50.0" Z="5.75"/>
                </xsi:canto>
                <xsi:canto>
                  <xsi:posicaoDentro X="9.0" Y="50.0" Z="-0.25"/>
                  <xsi:posicaoFora X="9.0" Y="50.0" Z="5.75"/>
                </xsi:canto>
              </xsi:cantos>
              <xsi:normais>
                <xsi:normal X="-1.0" Y="0.0" Z="0.0"/>
                <xsi:normal X="0.0" Y="1.0" Z="0.0" textura="2"/>
                <xsi:normal X="0.0" Y="0.0" Z="1.0"/>
                <xsi:normal X="0.0" Y="0.0" Z="-1.0"/>
                <xsi:normal X="1.0" Y="0.0" Z="0.0" textura="10"/>
                <xsi:normal X="0.0" Y="-1.0" Z="0.0"/>
              </xsi:normais>
            </xsi:porcao>
          </xsi:chao>

          <xsi:teto>
            <xsi:porcao>
              <xsi:cantos>
                <xsi:canto>
                  <xsi:posicaoDentro X="9.0" Y="55.0" Z="-0.25"/>
                  <xsi:posicaoFora X="9.0" Y="55.0" Z="5.75"/>
                </xsi:canto>
                <xsi:canto>
                  <xsi:posicaoDentro X="3.25" Y="55.0" Z="-0.25"/>
                  <xsi:posicaoFora X="3.25" Y="55.0" Z="5.75"/>
                </xsi:canto>
                <xsi:canto>
                  <xsi:posicaoDentro X="3.25" Y="100.0" Z="-0.25"/>
                  <xsi:posicaoFora X="3.25" Y="100.0" Z="5.75"/>
                </xsi:canto>
                <xsi:canto>
                  <xsi:posicaoDentro X="9.0" Y="100.0" Z="-0.25"/>
                  <xsi:posicaoFora X="9.0" Y="100.0" Z="5.75"/>
                </xsi:canto>
              </xsi:cantos>
              <xsi:normais>
                <xsi:normal X="-1.0" Y="0.0" Z="0.0"/>
                <xsi:normal X="0.0" Y="1.0" Z="0.0"/>
                <xsi:normal X="0.0" Y="0.0" Z="1.0"/>
                <xsi:normal X="0.0" Y="0.0" Z="-1.0"/>
                <xsi:normal X="1.0" Y="0.0" Z="0.0" textura="10"/>
                <xsi:normal X="0.0" Y="-1.0" Z="0.0"/>
              </xsi:normais>
            </xsi:porcao>
          </xsi:teto>
        </xsi:divisao>

        <xsi:divisao nome="sala">
          <xsi:paredes>
            <xsi:parede ID="A2">
              <xsi:cantos>
                <xsi:canto>
                  <xsi:posicaoDentro X="-8.5" Y="50.0" Z="-0.25"/>
                  <xsi:posicaoFora X="-9.0" Y="50.0" Z="-0.25"/>
                </xsi:canto>
                <xsi:canto>
                  <xsi:posicaoDentro X="-8.5" Y="50.0" Z="-11.5"/>
                  <xsi:posicaoFora X="-9.0" Y="50.0" Z="-12.0"/>
                </xsi:canto>
                <xsi:canto>
                  <xsi:posicaoDentro X="-8.5" Y="55.0" Z="-11.5"/>
                  <xsi:posicaoFora X="-9.0" Y="55.0" Z="-12.0"/>
                </xsi:canto>
                <xsi:canto>
                  <xsi:posicaoDentro X="-8.5" Y="55.0" Z="-0.25"/>
                  <xsi:posicaoFora X="-9.0" Y="55.0" Z="-0.25"/>
                </xsi:canto>
              </xsi:cantos>
              <xsi:normais>
                <xsi:normal X="0.0" Y="0.0" Z="-1.0"/>
                <xsi:normal X="0.0" Y="1.0" Z="0.0"/>
                <xsi:normal X="-1.0" Y="0.0" Z="0.0"/>
                <xsi:normal X="1.0" Y="0.0" Z="0.0" textura="14"/>
                <xsi:normal X="0.0" Y="0.0" Z="1.0"/>
                <xsi:normal X="0.0" Y="-1.0" Z="0.0"/>
              </xsi:normais>
            </xsi:parede>

            <xsi:parede ID="L1a">
              <xsi:cantos>
                <xsi:canto>
                  <xsi:posicaoDentro X="-8.5" Y="50.0" Z="-11.5"/>
                  <xsi:posicaoFora X="-9.0" Y="50.0" Z="-12.0"/>
                </xsi:canto>
                <xsi:canto>
                  <xsi:posicaoDentro X="-7.0" Y="50.0" Z="-11.5"/>
                  <xsi:posicaoFora X="-7.0" Y="50.0" Z="-12.0"/>
                </xsi:canto>
                <xsi:canto>
                  <xsi:posicaoDentro X="-7.0" Y="55.0" Z="-11.5"/>
                  <xsi:posicaoFora X="-7.0" Y="55.0" Z="-12.0"/>
                </xsi:canto>
                <xsi:canto>
                  <xsi:posicaoDentro X="-8.5" Y="55.0" Z="-11.5"/>
                  <xsi:posicaoFora X="-9.0" Y="55.0" Z="-12.0"/>
                </xsi:canto>
              </xsi:cantos>
              <xsi:normais>
                <xsi:normal X="1.0" Y="0.0" Z="0.0"/>
                <xsi:normal X="0.0" Y="1.0" Z="0.0"/>
                <xsi:normal X="0.0" Y="0.0" Z="-1.0"/>
                <xsi:normal X="0.0" Y="0.0" Z="1.0" textura="12"/>
                <xsi:normal X="-0.5" Y="0.0" Z="0.5"/>
                <xsi:normal X="0.0" Y="-1.0" Z="0.0"/>
              </xsi:normais>
            </xsi:parede>

            <xsi:parede ID="L1b">
              <xsi:cantos>
                <xsi:canto>
                  <xsi:posicaoDentro X="-7.0" Y="50.0" Z="-11.5"/>
                  <xsi:posicaoFora X="-7.0" Y="50.0" Z="-12.0"/>
                </xsi:canto>
                <xsi:canto>
                  <xsi:posicaoDentro X="-4.0" Y="50.0" Z="-11.5"/>
                  <xsi:posicaoFora X="-4.0" Y="50.0" Z="-12.0"/>
                </xsi:canto>
                <xsi:canto>
                  <xsi:posicaoDentro X="-4.0" Y="50.5" Z="-11.5"/>
                  <xsi:posicaoFora X="-4.0" Y="50.5" Z="-12.0"/>
                </xsi:canto>
                <xsi:canto>
                  <xsi:posicaoDentro X="-7.0" Y="50.5" Z="-11.5"/>
                  <xsi:posicaoFora X="-7.0" Y="50.5" Z="-12.0"/>
                </xsi:canto>
              </xsi:cantos>
              <xsi:normais>
                <xsi:normal X="1.0" Y="0.0" Z="0.0"/>
                <xsi:normal X="0.0" Y="1.0" Z="0.0"/>
                <xsi:normal X="0.0" Y="0.0" Z="-1.0"/>
                <xsi:normal X="0.0" Y="0.0" Z="1.0" textura="12"/>
                <xsi:normal X="-1.0" Y="0.0" Z="0.0"/>
                <xsi:normal X="0.0" Y="-1.0" Z="0.0"/>
              </xsi:normais>
            </xsi:parede>

            <xsi:parede ID="L1c">
              <xsi:cantos>
                <xsi:canto>
                  <xsi:posicaoDentro X="-7.0" Y="54.5" Z="-11.5"/>
                  <xsi:posicaoFora X="-7.0" Y="54.5" Z="-12.0"/>
                </xsi:canto>
                <xsi:canto>
                  <xsi:posicaoDentro X="-4.0" Y="54.5" Z="-11.5"/>
                  <xsi:posicaoFora X="-4.0" Y="54.5" Z="-12.0"/>
                </xsi:canto>
                <xsi:canto>
                  <xsi:posicaoDentro X="-4.0" Y="55.0" Z="-11.5"/>
                  <xsi:posicaoFora X="-4.0" Y="55.0" Z="-12.0"/>
                </xsi:canto>
                <xsi:canto>
                  <xsi:posicaoDentro X="-7.0" Y="55.0" Z="-11.5"/>
                  <xsi:posicaoFora X="-7.0" Y="55.0" Z="-12.0"/>
                </xsi:canto>
              </xsi:cantos>
              <xsi:normais>
                <xsi:normal X="1.0" Y="0.0" Z="0.0"/>
                <xsi:normal X="0.0" Y="1.0" Z="0.0"/>
                <xsi:normal X="0.0" Y="0.0" Z="-1.0"/>
                <xsi:normal X="0.0" Y="0.0" Z="1.0" textura="12"/>
                <xsi:normal X="-1.0" Y="0.0" Z="0.0"/>
                <xsi:normal X="0.0" Y="-1.0" Z="0.0"/>
              </xsi:normais>
            </xsi:parede>

            <xsi:parede ID="L1d">
              <xsi:cantos>
                <xsi:canto>
                  <xsi:posicaoDentro X="-4.0" Y="50.0" Z="-11.5"/>
                  <xsi:posicaoFora X="-4.0" Y="50.0" Z="-12.0"/>
                </xsi:canto>
                <xsi:canto>
                  <xsi:posicaoDentro X="-2.0" Y="50.0" Z="-11.5"/>
                  <xsi:posicaoFora X="-2.0" Y="50.0" Z="-12.0"/>
                </xsi:canto>
                <xsi:canto>
                  <xsi:posicaoDentro X="-2.0" Y="55.0" Z="-11.5"/>
                  <xsi:posicaoFora X="-2.0" Y="55.0" Z="-12.0"/>
                </xsi:canto>
                <xsi:canto>
                  <xsi:posicaoDentro X="-4.0" Y="55.0" Z="-11.5"/>
                  <xsi:posicaoFora X="-4.0" Y="55.0" Z="-12.0"/>
                </xsi:canto>
              </xsi:cantos>
              <xsi:normais>
                <xsi:normal X="1.0" Y="0.0" Z="0.0"/>
                <xsi:normal X="0.0" Y="1.0" Z="0.0"/>
                <xsi:normal X="0.0" Y="0.0" Z="-1.0"/>
                <xsi:normal X="0.0" Y="0.0" Z="1.0" textura="12"/>
                <xsi:normal X="-1.0" Y="0.0" Z="0.0"/>
                <xsi:normal X="0.0" Y="-1.0" Z="0.0"/>
              </xsi:normais>
            </xsi:parede>

            <xsi:parede ID="J">
              <xsi:cantos>
                <xsi:canto>
                  <xsi:posicaoDentro X="-2.5" Y="50.0" Z="-8.5"/>
                  <xsi:posicaoFora X="-2.0" Y="50.0" Z="-8.5"/>
                </xsi:canto>
                <xsi:canto>
                  <xsi:posicaoDentro X="-2.5" Y="50.0" Z="-0.5"/>
                  <xsi:posicaoFora X="-2.0" Y="50.0" Z="0.0"/>
                </xsi:canto>
                <xsi:canto>
                  <xsi:posicaoDentro X="-2.5" Y="55.0" Z="-0.5"/>
                  <xsi:posicaoFora X="-2.0" Y="55.0" Z="0.0"/>
                </xsi:canto>
                <xsi:canto>
                  <xsi:posicaoDentro X="-2.5" Y="55.0" Z="-8.5"/>
                  <xsi:posicaoFora X="-2.0" Y="55.0" Z="-8.5"/>
                </xsi:canto>
              </xsi:cantos>
              <xsi:normais>
                <xsi:normal X="-0.5" Y="0.0" Z="0.5"/>
                <xsi:normal X="0.0" Y="1.0" Z="0.0"/>
                <xsi:normal X="1.0" Y="0.0" Z="0.0" textura="12"/>
                <xsi:normal X="-1.0" Y="0.0" Z="0.0" textura="14"/>
                <xsi:normal X="0.0" Y="0.0" Z="-1.0" textura="12"/>
                <xsi:normal X="0.0" Y="-1.0" Z="0.0"/>
              </xsi:normais>
            </xsi:parede>

            <xsi:parede IDR="C"/>
          </xsi:paredes>

          <xsi:chao>
            <xsi:porcao>
              <xsi:cantos>
                <xsi:canto>
                  <xsi:posicaoDentro X="-1.25" Y="0.0" Z="-12.0"/>
                  <xsi:posicaoFora X="-1.25" Y="0.0" Z="-0.25"/>
                </xsi:canto>
                <xsi:canto>
                  <xsi:posicaoDentro X="-9.0" Y="0.0" Z="-12.0"/>
                  <xsi:posicaoFora X="-9.0" Y="0.0" Z="-0.25"/>
                </xsi:canto>
                <xsi:canto>
                  <xsi:posicaoDentro X="-9.0" Y="50.0" Z="-12.0"/>
                  <xsi:posicaoFora X="-9.0" Y="50.0" Z="-0.25"/>
                </xsi:canto>
                <xsi:canto>
                  <xsi:posicaoDentro X="-1.25" Y="50.0" Z="-12.0"/>
                  <xsi:posicaoFora X="-1.25" Y="50.0" Z="-0.25"/>
                </xsi:canto>
              </xsi:cantos>
              <xsi:normais>
                <xsi:normal X="-1.0" Y="0.0" Z="0.0" textura="10"/>
                <xsi:normal X="0.0" Y="1.0" Z="0.0" textura="2"/>
                <xsi:normal X="0.0" Y="0.0" Z="1.0"/>
                <xsi:normal X="0.0" Y="0.0" Z="-1.0" textura="10"/>
                <xsi:normal X="1.0" Y="0.0" Z="0.0"/>
                <xsi:normal X="0.0" Y="-1.0" Z="0.0"/>
              </xsi:normais>
            </xsi:porcao>
          </xsi:chao>

          <xsi:teto>
            <xsi:porcao>
              <xsi:cantos>
                <xsi:canto>
                  <xsi:posicaoDentro X="-1.25" Y="55.0" Z="-12.0"/>
                  <xsi:posicaoFora X="-1.25" Y="55.0" Z="-0.25"/>
                </xsi:canto>
                <xsi:canto>
                  <xsi:posicaoDentro X="-9.0" Y="55.0" Z="-12.0"/>
                  <xsi:posicaoFora X="-9.0" Y="55.0" Z="-0.25"/>
                </xsi:canto>
                <xsi:canto>
                  <xsi:posicaoDentro X="-9.0" Y="100.0" Z="-12.0"/>
                  <xsi:posicaoFora X="-9.0" Y="100.0" Z="-0.25"/>
                </xsi:canto>
                <xsi:canto>
                  <xsi:posicaoDentro X="-1.25" Y="100.0" Z="-12.0"/>
                  <xsi:posicaoFora X="-1.25" Y="100.0" Z="-0.25"/>
                </xsi:canto>
              </xsi:cantos>
              <xsi:normais>
                <xsi:normal X="-1.0" Y="0.0" Z="0.0" textura="10"/>
                <xsi:normal X="0.0" Y="1.0" Z="0.0"/>
                <xsi:normal X="0.0" Y="0.0" Z="1.0"/>
                <xsi:normal X="0.0" Y="0.0" Z="-1.0" textura="10"/>
                <xsi:normal X="1.0" Y="0.0" Z="0.0"/>
                <xsi:normal X="0.0" Y="-1.0" Z="0.0"/>
              </xsi:normais>
            </xsi:porcao>
          </xsi:teto>
        </xsi:divisao>

        <xsi:divisao nome="hall">
          <xsi:paredes>
            <xsi:parede IDR="J"/>

            <xsi:parede ID="L2a">
              <xsi:cantos>
                <xsi:canto>
                  <xsi:posicaoDentro X="-2.0" Y="50.0" Z="-11.5"/>
                  <xsi:posicaoFora X="-2.0" Y="50.0" Z="-12.0"/>
                </xsi:canto>
                <xsi:canto>
                  <xsi:posicaoDentro X="2.0" Y="50.0" Z="-11.5"/>
                  <xsi:posicaoFora X="2.0" Y="50.0" Z="-12.0"/>
                </xsi:canto>
                <xsi:canto>
                  <xsi:posicaoDentro X="2.0" Y="50.5" Z="-11.5"/>
                  <xsi:posicaoFora X="2.0" Y="50.5" Z="-12.0"/>
                </xsi:canto>
                <xsi:canto>
                  <xsi:posicaoDentro X="-2.0" Y="50.5" Z="-11.5"/>
                  <xsi:posicaoFora X="-2.0" Y="50.5" Z="-12.0"/>
                </xsi:canto>
              </xsi:cantos>
              <xsi:normais>
                <xsi:normal X="1.0" Y="0.0" Z="0.0"/>
                <xsi:normal X="0.0" Y="1.0" Z="0.0"/>
                <xsi:normal X="0.0" Y="0.0" Z="-1.0"/>
                <xsi:normal X="0.0" Y="0.0" Z="1.0" textura="12"/>
                <xsi:normal X="-1.0" Y="0.0" Z="0.0"/>
                <xsi:normal X="0.0" Y="-1.0" Z="0.0"/>
              </xsi:normais>
            </xsi:parede>

            <xsi:parede ID="L2b">
              <xsi:cantos>
                <xsi:canto>
                  <xsi:posicaoDentro X="-2.0" Y="54.5" Z="-11.5"/>
                  <xsi:posicaoFora X="-2.0" Y="54.5" Z="-12.0"/>
                </xsi:canto>
                <xsi:canto>
                  <xsi:posicaoDentro X="2.0" Y="54.5" Z="-11.5"/>
                  <xsi:posicaoFora X="2.0" Y="54.5" Z="-12.0"/>
                </xsi:canto>
                <xsi:canto>
                  <xsi:posicaoDentro X="2.0" Y="55.0" Z="-11.5"/>
                  <xsi:posicaoFora X="2.0" Y="55.0" Z="-12.0"/>
                </xsi:canto>
                <xsi:canto>
                  <xsi:posicaoDentro X="-2.0" Y="55.0" Z="-11.5"/>
                  <xsi:posicaoFora X="-2.0" Y="55.0" Z="-12.0"/>
                </xsi:canto>
              </xsi:cantos>
              <xsi:normais>
                <xsi:normal X="1.0" Y="0.0" Z="0.0"/>
                <xsi:normal X="0.0" Y="1.0" Z="0.0"/>
                <xsi:normal X="0.0" Y="0.0" Z="-1.0"/>
                <xsi:normal X="0.0" Y="0.0" Z="1.0" textura="12"/>
                <xsi:normal X="-1.0" Y="0.0" Z="0.0"/>
                <xsi:normal X="0.0" Y="-1.0" Z="0.0"/>
              </xsi:normais>
            </xsi:parede>

            <xsi:parede ID="K">
              <xsi:cantos>
                <xsi:canto>
                  <xsi:posicaoDentro X="2.5" Y="50.0" Z="-0.5"/>
                  <xsi:posicaoFora X="2.0" Y="50.0" Z="0.0"/>
                </xsi:canto>
                <xsi:canto>
                  <xsi:posicaoDentro X="2.5" Y="50.0" Z="-8.5"/>
                  <xsi:posicaoFora X="2.0" Y="50.0" Z="-8.5"/>
                </xsi:canto>
                <xsi:canto>
                  <xsi:posicaoDentro X="2.5" Y="55.0" Z="-8.5"/>
                  <xsi:posicaoFora X="2.0" Y="55.0" Z="-8.5"/>
                </xsi:canto>
                <xsi:canto>
                  <xsi:posicaoDentro X="2.5" Y="55.0" Z="-0.5"/>
                  <xsi:posicaoFora X="2.0" Y="55.0" Z="0.0"/>
                </xsi:canto>
              </xsi:cantos>
              <xsi:normais>
                <xsi:normal X="0.0" Y="0.0" Z="-1.0" textura="12"/>
                <xsi:normal X="0.0" Y="1.0" Z="0.0"/>
                <xsi:normal X="-1.0" Y="0.0" Z="0.0" textura="12"/>
                <xsi:normal X="1.0" Y="0.0" Z="0.0" textura="12"/>
                <xsi:normal X="0.5" Y="0.0" Z="0.5"/>
                <xsi:normal X="0.0" Y="-1.0" Z="0.0"/>
              </xsi:normais>
            </xsi:parede>
          </xsi:paredes>

          <xsi:chao>
            <xsi:porcao>
              <xsi:cantos>
                <xsi:canto>
                  <xsi:posicaoDentro X="2.25" Y="0.0" Z="-12.0"/>
                  <xsi:posicaoFora X="2.25" Y="0.0" Z="-0.25"/>
                </xsi:canto>
                <xsi:canto>
                  <xsi:posicaoDentro X="-1.25" Y="0.0" Z="-12.0"/>
                  <xsi:posicaoFora X="-1.25" Y="0.0" Z="-0.25"/>
                </xsi:canto>
                <xsi:canto>
                  <xsi:posicaoDentro X="-1.25" Y="50.0" Z="-12.0"/>
                  <xsi:posicaoFora X="-1.25" Y="50.0" Z="-0.25"/>
                </xsi:canto>
                <xsi:canto>
                  <xsi:posicaoDentro X="2.25" Y="50.0" Z="-12.0"/>
                  <xsi:posicaoFora X="2.25" Y="50.0" Z="-0.25"/>
                </xsi:canto>
              </xsi:cantos>
              <xsi:normais>
                <xsi:normal X="-1.0" Y="0.0" Z="0.0"/>
                <xsi:normal X="0.0" Y="1.0" Z="0.0" textura="2"/>
                <xsi:normal X="0.0" Y="0.0" Z="1.0"/>
                <xsi:normal X="0.0" Y="0.0" Z="-1.0" textura="10"/>
                <xsi:normal X="1.0" Y="0.0" Z="0.0"/>
                <xsi:normal X="0.0" Y="-1.0" Z="0.0"/>
              </xsi:normais>
            </xsi:porcao>
          </xsi:chao>

          <xsi:teto>
            <xsi:porcao>
              <xsi:cantos>
                <xsi:canto>
                  <xsi:posicaoDentro X="2.25" Y="55.0" Z="-12.0"/>
                  <xsi:posicaoFora X="2.25" Y="55.0" Z="-0.25"/>
                </xsi:canto>
                <xsi:canto>
                  <xsi:posicaoDentro X="-1.25" Y="55.0" Z="-12.0"/>
                  <xsi:posicaoFora X="-1.25" Y="55.0" Z="-0.25"/>
                </xsi:canto>
                <xsi:canto>
                  <xsi:posicaoDentro X="-1.25" Y="100.0" Z="-12.0"/>
                  <xsi:posicaoFora X="-1.25" Y="100.0" Z="-0.25"/>
                </xsi:canto>
                <xsi:canto>
                  <xsi:posicaoDentro X="2.25" Y="100.0" Z="-12.0"/>
                  <xsi:posicaoFora X="2.25" Y="100.0" Z="-0.25"/>
                </xsi:canto>
              </xsi:cantos>
              <xsi:normais>
                <xsi:normal X="-1.0" Y="0.0" Z="0.0"/>
                <xsi:normal X="0.0" Y="1.0" Z="0.0"/>
                <xsi:normal X="0.0" Y="0.0" Z="1.0"/>
                <xsi:normal X="0.0" Y="0.0" Z="-1.0" textura="10"/>
                <xsi:normal X="1.0" Y="0.0" Z="0.0"/>
                <xsi:normal X="0.0" Y="-1.0" Z="0.0"/>
              </xsi:normais>
            </xsi:porcao>
          </xsi:teto>
        </xsi:divisao>

        <xsi:divisao nome="quarto">
          <xsi:paredes>
            <xsi:parede IDR="K"/>

            <xsi:parede ID="L3a">
              <xsi:cantos>
                <xsi:canto>
                  <xsi:posicaoDentro X="2.0" Y="50.0" Z="-11.5"/>
                  <xsi:posicaoFora X="2.0" Y="50.0" Z="-12.0"/>
                </xsi:canto>
                <xsi:canto>
                  <xsi:posicaoDentro X="4.0" Y="50.0" Z="-11.5"/>
                  <xsi:posicaoFora X="4.0" Y="50.0" Z="-12.0"/>
                </xsi:canto>
                <xsi:canto>
                  <xsi:posicaoDentro X="4.0" Y="55.0" Z="-11.5"/>
                  <xsi:posicaoFora X="4.0" Y="55.0" Z="-12.0"/>
                </xsi:canto>
                <xsi:canto>
                  <xsi:posicaoDentro X="2.0" Y="55.0" Z="-11.5"/>
                  <xsi:posicaoFora X="2.0" Y="55.0" Z="-12.0"/>
                </xsi:canto>
              </xsi:cantos>
              <xsi:normais>
                <xsi:normal X="1.0" Y="0.0" Z="0.0"/>
                <xsi:normal X="0.0" Y="1.0" Z="0.0"/>
                <xsi:normal X="0.0" Y="0.0" Z="-1.0"/>
                <xsi:normal X="0.0" Y="0.0" Z="1.0" textura="12"/>
                <xsi:normal X="-1.0" Y="0.0" Z="0.0"/>
                <xsi:normal X="0.0" Y="-1.0" Z="0.0"/>
              </xsi:normais>
            </xsi:parede>

            <xsi:parede ID="L3b">
              <xsi:cantos>
                <xsi:canto>
                  <xsi:posicaoDentro X="4.0" Y="50.0" Z="-11.5"/>
                  <xsi:posicaoFora X="4.0" Y="50.0" Z="-12.0"/>
                </xsi:canto>
                <xsi:canto>
                  <xsi:posicaoDentro X="7.0" Y="50.0" Z="-11.5"/>
                  <xsi:posicaoFora X="7.0" Y="50.0" Z="-12.0"/>
                </xsi:canto>
                <xsi:canto>
                  <xsi:posicaoDentro X="7.0" Y="50.5" Z="-11.5"/>
                  <xsi:posicaoFora X="7.0" Y="50.5" Z="-12.0"/>
                </xsi:canto>
                <xsi:canto>
                  <xsi:posicaoDentro X="4.0" Y="50.5" Z="-11.5"/>
                  <xsi:posicaoFora X="4.0" Y="50.5" Z="-12.0"/>
                </xsi:canto>
              </xsi:cantos>
              <xsi:normais>
                <xsi:normal X="1.0" Y="0.0" Z="0.0"/>
                <xsi:normal X="0.0" Y="1.0" Z="0.0"/>
                <xsi:normal X="0.0" Y="0.0" Z="-1.0"/>
                <xsi:normal X="0.0" Y="0.0" Z="1.0" textura="12"/>
                <xsi:normal X="-1.0" Y="0.0" Z="0.0"/>
                <xsi:normal X="0.0" Y="-1.0" Z="0.0"/>
              </xsi:normais>
            </xsi:parede>

            <xsi:parede ID="L3c">
              <xsi:cantos>
                <xsi:canto>
                  <xsi:posicaoDentro X="4.0" Y="54.5" Z="-11.5"/>
                  <xsi:posicaoFora X="4.0" Y="54.5" Z="-12.0"/>
                </xsi:canto>
                <xsi:canto>
                  <xsi:posicaoDentro X="7.0" Y="54.5" Z="-11.5"/>
                  <xsi:posicaoFora X="7.0" Y="54.5" Z="-12.0"/>
                </xsi:canto>
                <xsi:canto>
                  <xsi:posicaoDentro X="7.0" Y="55.0" Z="-11.5"/>
                  <xsi:posicaoFora X="7.0" Y="55.0" Z="-12.0"/>
                </xsi:canto>
                <xsi:canto>
                  <xsi:posicaoDentro X="4.0" Y="55.0" Z="-11.5"/>
                  <xsi:posicaoFora X="4.0" Y="55.0" Z="-12.0"/>
                </xsi:canto>
              </xsi:cantos>
              <xsi:normais>
                <xsi:normal X="1.0" Y="0.0" Z="0.0"/>
                <xsi:normal X="0.0" Y="1.0" Z="0.0"/>
                <xsi:normal X="0.0" Y="0.0" Z="-1.0"/>
                <xsi:normal X="0.0" Y="0.0" Z="1.0" textura="12"/>
                <xsi:normal X="-1.0" Y="0.0" Z="0.0"/>
                <xsi:normal X="0.0" Y="-1.0" Z="0.0"/>
              </xsi:normais>
            </xsi:parede>

            <xsi:parede ID="L3d">
              <xsi:cantos>
                <xsi:canto>
                  <xsi:posicaoDentro X="7.0" Y="50.0" Z="-11.5"/>
                  <xsi:posicaoFora X="7.0" Y="50.0" Z="-12.0"/>
                </xsi:canto>
                <xsi:canto>
                  <xsi:posicaoDentro X="8.5" Y="50.0" Z="-11.5"/>
                  <xsi:posicaoFora X="9.0" Y="50.0" Z="-12.0"/>
                </xsi:canto>
                <xsi:canto>
                  <xsi:posicaoDentro X="8.5" Y="55.0" Z="-11.5"/>
                  <xsi:posicaoFora X="9.0" Y="55.0" Z="-12.0"/>
                </xsi:canto>
                <xsi:canto>
                  <xsi:posicaoDentro X="7.0" Y="55.0" Z="-11.5"/>
                  <xsi:posicaoFora X="7.0" Y="55.0" Z="-12.0"/>
                </xsi:canto>
              </xsi:cantos>
              <xsi:normais>
                <xsi:normal X="0.5" Y="0.0" Z="0.5"/>
                <xsi:normal X="0.0" Y="1.0" Z="0.0"/>
                <xsi:normal X="0.0" Y="0.0" Z="-1.0"/>
                <xsi:normal X="0.0" Y="0.0" Z="1.0" textura="12"/>
                <xsi:normal X="-1.0" Y="0.0" Z="0.0"/>
                <xsi:normal X="0.0" Y="-1.0" Z="0.0"/>
              </xsi:normais>
            </xsi:parede>

            <xsi:parede ID="E3">
              <xsi:cantos>
                <xsi:canto>
                  <xsi:posicaoDentro X="8.5" Y="50.0" Z="-11.5"/>
                  <xsi:posicaoFora X="9.0" Y="50.0" Z="-12.0"/>
                </xsi:canto>
                <xsi:canto>
                  <xsi:posicaoDentro X="8.5" Y="50.0" Z="-0.25"/>
                  <xsi:posicaoFora X="9.0" Y="50.0" Z="-0.25"/>
                </xsi:canto>
                <xsi:canto>
                  <xsi:posicaoDentro X="8.5" Y="55.0" Z="-0.25"/>
                  <xsi:posicaoFora X="9.0" Y="55.0" Z="-0.25"/>
                </xsi:canto>
                <xsi:canto>
                  <xsi:posicaoDentro X="8.5" Y="55.0" Z="-11.5"/>
                  <xsi:posicaoFora X="9.0" Y="55.0" Z="-12.0"/>
                </xsi:canto>
              </xsi:cantos>
              <xsi:normais>
                <xsi:normal X="0.0" Y="0.0" Z="1.0"/>
                <xsi:normal X="0.0" Y="1.0" Z="0.0"/>
                <xsi:normal X="1.0" Y="0.0" Z="0.0"/>
                <xsi:normal X="-1.0" Y="0.0" Z="0.0" textura="13"/>
                <xsi:normal X="-0.5" Y="0.0" Z="-0.5"/>
                <xsi:normal X="0.0" Y="-1.0" Z="0.0"/>
              </xsi:normais>
            </xsi:parede>

            <xsi:parede IDR="I1"/>

            <xsi:parede IDR="I2"/>
          </xsi:paredes>

          <xsi:chao>
            <xsi:porcao>
              <xsi:cantos>
                <xsi:canto>
                  <xsi:posicaoDentro X="9.0" Y="0.0" Z="-12.0"/>
                  <xsi:posicaoFora X="9.0" Y="0.0" Z="-0.25"/>
                </xsi:canto>
                <xsi:canto>
                  <xsi:posicaoDentro X="2.25" Y="0.0" Z="-12.0"/>
                  <xsi:posicaoFora X="2.25" Y="0.0" Z="-0.25"/>
                </xsi:canto>
                <xsi:canto>
                  <xsi:posicaoDentro X="2.25" Y="50.0" Z="-12.0"/>
                  <xsi:posicaoFora X="2.25" Y="50.0" Z="-0.25"/>
                </xsi:canto>
                <xsi:canto>
                  <xsi:posicaoDentro X="9.0" Y="50.0" Z="-12.0"/>
                  <xsi:posicaoFora X="9.0" Y="50.0" Z="-0.25"/>
                </xsi:canto>
              </xsi:cantos>
              <xsi:normais>
                <xsi:normal X="-1.0" Y="0.0" Z="0.0"/>
                <xsi:normal X="0.0" Y="1.0" Z="0.0" textura="2"/>
                <xsi:normal X="0.0" Y="0.0" Z="1.0"/>
                <xsi:normal X="0.0" Y="0.0" Z="-1.0" textura="10"/>
                <xsi:normal X="1.0" Y="0.0" Z="0.0" textura="10"/>
                <xsi:normal X="0.0" Y="-1.0" Z="0.0"/>
              </xsi:normais>
            </xsi:porcao>
          </xsi:chao>

          <xsi:teto>
            <xsi:porcao>
              <xsi:cantos>
                <xsi:canto>
                  <xsi:posicaoDentro X="9.0" Y="55.0" Z="-12.0"/>
                  <xsi:posicaoFora X="9.0" Y="55.0" Z="-0.25"/>
                </xsi:canto>
                <xsi:canto>
                  <xsi:posicaoDentro X="2.25" Y="55.0" Z="-12.0"/>
                  <xsi:posicaoFora X="2.25" Y="55.0" Z="-0.25"/>
                </xsi:canto>
                <xsi:canto>
                  <xsi:posicaoDentro X="2.25" Y="100.0" Z="-12.0"/>
                  <xsi:posicaoFora X="2.25" Y="100.0" Z="-0.25"/>
                </xsi:canto>
                <xsi:canto>
                  <xsi:posicaoDentro X="9.0" Y="100.0" Z="-12.0"/>
                  <xsi:posicaoFora X="9.0" Y="100.0" Z="-0.25"/>
                </xsi:canto>
              </xsi:cantos>
              <xsi:normais>
                <xsi:normal X="-1.0" Y="0.0" Z="0.0"/>
                <xsi:normal X="0.0" Y="1.0" Z="0.0"/>
                <xsi:normal X="0.0" Y="0.0" Z="1.0"/>
                <xsi:normal X="0.0" Y="0.0" Z="-1.0" textura="10"/>
                <xsi:normal X="1.0" Y="0.0" Z="0.0" textura="10"/>
                <xsi:normal X="0.0" Y="-1.0" Z="0.0"/>
              </xsi:normais>
            </xsi:porcao>
          </xsi:teto>
        </xsi:divisao>

      </xsi:divisoes>
    </xsi:piso>

  </xsi:pisos>

  <xsi:mobilia>

    <xsi:movel ID="Sofa">
      <xsi:path>ZipFiles/mdl/Sala/sofa.mdl</xsi:path>
      <xsi:scale X='0.02' Y='0.02' Z='0.02'/>
      <xsi:translate X='150.0' Y='-125.0' Z='1500.0'/>
      <xsi:rotate G= '-90.0' X='1.0' Y='0.0' Z='0.0'/>
      <xsi:rotate2 G='270.0' X='0.0' Y='0.0' Z='1.0'/>
      <xsi:info>Sofa: 250Euros</xsi:info>
      <xsi:piso>0</xsi:piso>
    </xsi:movel>

    <xsi:movel ID="Mesa">
      <xsi:path>ZipFiles/mdl/Sala/mesa.mdl</xsi:path>
      <xsi:scale X='0.02' Y='0.02' Z='0.02'/>
      <xsi:translate X='-105.0' Y='120.0' Z='1500.0'/>
      <xsi:rotate G= '-90.0' X='1.0' Y='0.0' Z='0.0'/>
      <xsi:rotate2 G='90.0' X='0.0' Y='0.0' Z='1.0'/>
      <xsi:info>Mesa: 100Euros</xsi:info>
      <xsi:piso>0</xsi:piso>
    </xsi:movel>

    <xsi:movel ID="Sanita">
      <xsi:path>ZipFiles/mdl/Casa de Banho/sanita.mdl</xsi:path>
      <xsi:scale X='0.02' Y='0.02' Z='0.02'/>
      <xsi:translate X='-20.0' Y='-200.0' Z='1500.0'/>
      <xsi:rotate G= '-90.0' X='1.0' Y='0.0' Z='0.0'/>
      <xsi:rotate2 G='90.0' X='0.0' Y='0.0' Z='1.0'/>
      <xsi:info>Sanita: 200Euros</xsi:info>
      <xsi:piso>0</xsi:piso>
    </xsi:movel>

    <xsi:movel ID="Lavatorio">
      <xsi:path>ZipFiles/mdl/Casa de Banho/lavatorio.mdl</xsi:path>
      <xsi:scale X='0.02' Y='0.02' Z='0.02'/>
      <xsi:translate X='120.0' Y='-40.0' Z='1500.0'/>
      <xsi:rotate G= '-90.0' X='1.0' Y='0.0' Z='0.0'/>
      <xsi:rotate2 G='0.0' X='0.0' Y='0.0' Z='1.0'/>
      <xsi:info>Lavatório: 150Euros</xsi:info>
      <xsi:piso>0</xsi:piso>
    </xsi:movel>

    <xsi:movel ID="Banheira">
      <xsi:path>ZipFiles/mdl/Casa de Banho/banheira.mdl</xsi:path>
      <xsi:scale X='0.015' Y='0.015' Z='0.015'/>
      <xsi:translate X='-220.0' Y='-255.0' Z='2000.0'/>
      <xsi:rotate G= '-90.0' X='1.0' Y='0.0' Z='0.0'/>
      <xsi:rotate2 G='-270.0' X='0.0' Y='0.0' Z='1.0'/>
      <xsi:info>Banheira: 250Euros</xsi:info>
      <xsi:piso>0</xsi:piso>
    </xsi:movel>

    <xsi:movel ID="CamaGrande">
      <xsi:path>ZipFiles/mdl/Camas/cama.mdl</xsi:path>
      <xsi:scale X='0.02' Y='0.02' Z='0.02'/>
      <xsi:translate X='105.0' Y='-160.0' Z='1500.0'/>
      <xsi:rotate G= '-90.0' X='1.0' Y='0.0' Z='0.0'/>
      <xsi:rotate2 G='-270.0' X='0.0' Y='0.0' Z='1.0'/>
      <xsi:info>Cama: 100Euros</xsi:info>
      <xsi:piso>0</xsi:piso>
    </xsi:movel>

    <xsi:movel ID="Sofazinho">
      <xsi:path>ZipFiles/mdl/Quarto/sofazinho.mdl</xsi:path>
      <xsi:scale X='0.02' Y='0.02' Z='0.02'/>
      <xsi:translate X='-225.0' Y='-220.0' Z='1500.0'/>
      <xsi:rotate G= '-90.0' X='1.0' Y='0.0' Z='0.0'/>
      <xsi:rotate2 G='-180.0' X='0.0' Y='0.0' Z='1.0'/>
      <xsi:info>Cama: 100Euros</xsi:info>
      <xsi:piso>0</xsi:piso>
    </xsi:movel>

    <xsi:movel ID="Vaso">
      <xsi:path>ZipFiles/mdl/Quarto/vaso.mdl</xsi:path>
      <xsi:scale X='0.02' Y='0.02' Z='0.02'/>
      <xsi:translate X='-225.0' Y='-270.0' Z='1500.0'/>
      <xsi:rotate G= '-90.0' X='1.0' Y='0.0' Z='0.0'/>
      <xsi:rotate2 G='-180.0' X='0.0' Y='0.0' Z='1.0'/>
      <xsi:info>Vaso: 20Euros</xsi:info>
      <xsi:piso>0</xsi:piso>
    </xsi:movel>

    <xsi:movel ID="Quadro">
      <xsi:path>ZipFiles/mdl/Quarto/quadro.mdl</xsi:path>
      <xsi:scale X='0.02' Y='0.02' Z='0.02'/>
      <xsi:translate X='-240.0' Y='-230.0' Z='1600.0'/>
      <xsi:rotate G= '-90.0' X='1.0' Y='0.0' Z='0.0'/>
      <xsi:rotate2 G='180.0' X='0.0' Y='0.0' Z='1.0'/>
      <xsi:info>Quadro: 2000Euros</xsi:info>
      <xsi:piso>0</xsi:piso>
    </xsi:movel>

    <xsi:movel ID="Beliche">
      <xsi:path>ZipFiles/mdl/Quarto2/cama.mdl</xsi:path>
      <xsi:scale X='0.02' Y='0.02' Z='0.02'/>
      <xsi:translate X='70.0' Y='110.0' Z='1500.0'/>
      <xsi:rotate G= '-90.0' X='1.0' Y='0.0' Z='0.0'/>
      <xsi:rotate2 G='-270.0' X='0.0' Y='0.0' Z='1.0'/>
      <xsi:info>Cama: 350Euros</xsi:info>
      <xsi:piso>0</xsi:piso>
    </xsi:movel>

    <xsi:movel ID="Sofazito">
      <xsi:path>ZipFiles/mdl/Quarto2/sofa.mdl</xsi:path>
      <xsi:scale X='0.02' Y='0.02' Z='0.02'/>
      <xsi:translate X='-250.0' Y='200.0' Z='1500.0'/>
      <xsi:rotate G= '-90.0' X='1.0' Y='0.0' Z='0.0'/>
      <xsi:rotate2 G='0.0' X='0.0' Y='0.0' Z='1.0'/>
      <xsi:info>Sofa: 500Euros</xsi:info>
      <xsi:piso>0</xsi:piso>
    </xsi:movel>

    <xsi:movel ID="Tele">
      <xsi:path>ZipFiles/mdl/Quarto2/televisao.mdl</xsi:path>
      <xsi:scale X='0.02' Y='0.02' Z='0.02'/>
      <xsi:translate X='-340.0' Y='150.0' Z='1550.0'/>
      <xsi:rotate G= '-90.0' X='1.0' Y='0.0' Z='0.0'/>
      <xsi:rotate2 G='90.0' X='0.0' Y='0.0' Z='1.0'/>
      <xsi:info>Televisao: 450Euros</xsi:info>
      <xsi:piso>0</xsi:piso>
    </xsi:movel>

    <xsi:movel ID="Frigorifico">
      <xsi:path>ZipFiles/mdl/Sala/frigorifico.mdl</xsi:path>
      <xsi:scale X='0.02' Y='0.02' Z='0.02'/>
      <xsi:translate X='10.0' Y='-180.0' Z='1500.0'/>
      <xsi:rotate G= '-90.0' X='1.0' Y='0.0' Z='0.0'/>
      <xsi:rotate2 G='-90.0' X='0.0' Y='0.0' Z='1.0'/>
      <xsi:info>Frigorifico: 2350Euros</xsi:info>
      <xsi:piso>0</xsi:piso>
    </xsi:movel>

    <xsi:movel ID="Fogao">
      <xsi:path>ZipFiles/mdl/Sala/fogao.mdl</xsi:path>
      <xsi:scale X='0.02' Y='0.02' Z='0.02'/>
      <xsi:translate X='-200.0' Y='-45.0' Z='1500.0'/>
      <xsi:rotate G= '-90.0' X='1.0' Y='0.0' Z='0.0'/>
      <xsi:rotate2 G='0.0' X='0.0' Y='0.0' Z='1.0'/>
      <xsi:info>Fogao: 1333Euros</xsi:info>
      <xsi:piso>0</xsi:piso>
    </xsi:movel>

    <xsi:movel ID="Relogio">
      <xsi:path>ZipFiles/mdl/Sala/relogio.mdl</xsi:path>
      <xsi:scale X='0.01' Y='0.01' Z='0.01'/>
      <xsi:translate X='2.0' Y='-200.0' Z='3175.0'/>
      <xsi:rotate G= '-90.0' X='1.0' Y='0.0' Z='0.0'/>
      <xsi:rotate2 G='270.0' X='0.0' Y='0.0' Z='1.0'/>
      <xsi:info>Relogio: 23Euros</xsi:info>
      <xsi:piso>0</xsi:piso>
    </xsi:movel>

		
		<!--JANELAS--->

	<xsi:movel ID="Janela1">
      <xsi:path>ZipFiles/mdl/Janelas/janela1.mdl</xsi:path>
      <xsi:scale X='0.020' Y='0.035' Z='0.035'/>
      <xsi:translate X='-262.0' Y='-95.0' Z='900.0'/>
      <xsi:rotate G= '-90.0' X='1.0' Y='0.0' Z='0.0'/>
      <xsi:rotate2 G='0.0' X='0.0' Y='0.0' Z='1.0'/>
      <xsi:info>Janela</xsi:info>
      <xsi:piso>0</xsi:piso>
    </xsi:movel>
	
	<xsi:movel ID="Janela2">
      <xsi:path>ZipFiles/mdl/Janelas/janela1.mdl</xsi:path>
      <xsi:scale X='0.028' Y='0.035' Z='0.035'/>
      <xsi:translate X='203.0' Y='0.0' Z='900.0'/>
      <xsi:rotate G= '-90.0' X='1.0' Y='0.0' Z='0.0'/>
      <xsi:rotate2 G='90.0' X='0.0' Y='0.0' Z='1.0'/>
      <xsi:info>Janela</xsi:info>
      <xsi:piso>0</xsi:piso>
    </xsi:movel>
	
	<xsi:movel ID="Janela3">
      <xsi:path>ZipFiles/mdl/Janelas/janela1.mdl</xsi:path>
      <xsi:scale X='0.021' Y='0.035' Z='0.035'/>
      <xsi:translate X='203.0' Y='157.0' Z='900.0'/>
      <xsi:rotate G= '-90.0' X='1.0' Y='0.0' Z='0.0'/>
      <xsi:rotate2 G='90.0' X='0.0' Y='0.0' Z='1.0'/>
      <xsi:info>Janela</xsi:info>
      <xsi:piso>0</xsi:piso>
    </xsi:movel>
	
	<xsi:movel ID="Janela4">
      <xsi:path>ZipFiles/mdl/Janelas/janela1.mdl</xsi:path>
      <xsi:scale X='0.021' Y='0.035' Z='0.035'/>
      <xsi:translate X='203.0' Y='-157.0' Z='900.0'/>
      <xsi:rotate G= '-90.0' X='1.0' Y='0.0' Z='0.0'/>
      <xsi:rotate2 G='90.0' X='0.0' Y='0.0' Z='1.0'/>
      <xsi:info>Janela</xsi:info>
      <xsi:piso>0</xsi:piso>
    </xsi:movel>
	
	<!--PORTAS--->
	
	<xsi:movel ID="Porta1">
      <xsi:path>ZipFiles/mdl/Portas/porta.mdl</xsi:path>
      <xsi:scale X='0.03' Y='0.03' Z='0.027'/>
      <xsi:translate X='60.0' Y='-90.0' Z='1050.0'/>
      <xsi:rotate G= '-90.0' X='1.0' Y='0.0' Z='0.0'/>
      <xsi:rotate2 G='0.0' X='0.0' Y='0.0' Z='1.0'/>
      <xsi:info>Porta</xsi:info>
      <xsi:piso>0</xsi:piso>
    </xsi:movel>
	
	<xsi:movel ID="Porta2">
      <xsi:path>ZipFiles/mdl/Portas/porta_entrada.mdl</xsi:path>
      <xsi:scale X='0.02' Y='0.0245' Z='0.027'/>
      <xsi:translate X='255.0' Y='-190.0' Z='1225.0'/>
      <xsi:rotate G= '-90.0' X='1.0' Y='0.0' Z='0.0'/>
      <xsi:rotate2 G='0.0' X='0.0' Y='0.0' Z='1.0'/>
      <xsi:info>Porta</xsi:info>
      <xsi:piso>0</xsi:piso>
    </xsi:movel>
	
  </xsi:mobilia>

  <xsi:texturas>
    <xsi:textura>ZipFiles/textures/ChaoBase.jpg</xsi:textura>
    <xsi:textura>ZipFiles/textures/ChaoPiso0.jpg</xsi:textura>
    <xsi:textura>ZipFiles/textures/chaoSala.jpg</xsi:textura>
    <xsi:textura>ZipFiles/textures/chaoCozinha.jpg</xsi:textura>
    <xsi:textura>ZipFiles/textures/ChaoCasaDeBanho.jpg</xsi:textura>
    <xsi:textura>ZipFiles/textures/front.jpg</xsi:textura>
    <xsi:textura>ZipFiles/textures/left.jpg</xsi:textura>
    <xsi:textura>ZipFiles/textures/right.jpg</xsi:textura>
    <xsi:textura>ZipFiles/textures/back.jpg</xsi:textura>
    <xsi:textura>ZipFiles/textures/up.jpg</xsi:textura>
    <xsi:textura>ZipFiles/textures/hall.jpg</xsi:textura>
    <xsi:textura>ZipFiles/textures/B.jpg</xsi:textura>
    <xsi:textura>ZipFiles/textures/purple.jpg</xsi:textura>
    <xsi:textura>ZipFiles/textures/purple1.jpg</xsi:textura>
    <xsi:textura>ZipFiles/textures/purple2.jpg</xsi:textura>
    <xsi:textura>ZipFiles/textures/wc.jpg</xsi:textura>
  </xsi:texturas>

  <xsi:luzes>
    <xsi:luz ID='9'>
      <xsi:XL>2.0</xsi:XL>
      <xsi:YL>1.0</xsi:YL>
      <xsi:ZL>0.0</xsi:ZL>
      <xsi:XD>0.0</xsi:XD>
      <xsi:YD>0.0</xsi:YD>
      <xsi:ZD>-1.0</xsi:ZD>
      <xsi:XT>1.0</xsi:XT>
      <xsi:YT>1.5</xsi:YT>
      <xsi:ZT>-7.5</xsi:ZT>
      <xsi:AT>0.9</xsi:AT>
    </xsi:luz>


    <xsi:luz ID='2'>
      <xsi:XL>4.0</xsi:XL>
      <xsi:YL>2.0</xsi:YL>
      <xsi:ZL>0.0</xsi:ZL>
      <xsi:XD>-1.0</xsi:XD>
      <xsi:YD>0.0</xsi:YD>
      <xsi:ZD>0.0</xsi:ZD>
      <xsi:XT>0.0</xsi:XT>
      <xsi:YT>2.5</xsi:YT>
      <xsi:ZT>1.5</xsi:ZT>
      <xsi:AT>0.9</xsi:AT>
    </xsi:luz>
    <xsi:luz ID='3'>
      <xsi:XL>4.0</xsi:XL>
      <xsi:YL>2.0</xsi:YL>
      <xsi:ZL>0.0</xsi:ZL>
      <xsi:XD>-1.0</xsi:XD>
      <xsi:YD>0.0</xsi:YD>
      <xsi:ZD>0.0</xsi:ZD>
      <xsi:XT>0.0</xsi:XT>
      <xsi:YT>2.5</xsi:YT>
      <xsi:ZT>2.5</xsi:ZT>
      <xsi:AT>0.9</xsi:AT>

    </xsi:luz>
    <xsi:luz ID='4'>
      <xsi:XL>4.0</xsi:XL>
      <xsi:YL>2.0</xsi:YL>
      <xsi:ZL>0.0</xsi:ZL>
      <xsi:XD>-1.0</xsi:XD>
      <xsi:YD>0.0</xsi:YD>
      <xsi:ZD>0.0</xsi:ZD>
      <xsi:XT>1.0</xsi:XT>
      <xsi:YT>2.5</xsi:YT>
      <xsi:ZT>2.0</xsi:ZT>
      <xsi:AT>0.9</xsi:AT>
    </xsi:luz>

    <xsi:luz ID='5'>
      <xsi:XL>2.0</xsi:XL>
      <xsi:YL>1.0</xsi:YL>
      <xsi:ZL>0.0</xsi:ZL>
      <xsi:XD>1.0</xsi:XD>
      <xsi:YD>0.0</xsi:YD>
      <xsi:ZD>0.0</xsi:ZD>
      <xsi:XT>0.9</xsi:XT>
      <xsi:YT>4.0</xsi:YT>
      <xsi:ZT>1.6</xsi:ZT>
      <xsi:AT>0.9</xsi:AT>
    </xsi:luz>


    <xsi:luz ID='7'>
      <xsi:XL>4.0</xsi:XL>
      <xsi:YL>2.0</xsi:YL>
      <xsi:ZL>0.0</xsi:ZL>
      <xsi:XD>1.0</xsi:XD>
      <xsi:YD>0.0</xsi:YD>
      <xsi:ZD>0.0</xsi:ZD>
      <xsi:XT>0.9</xsi:XT>
      <xsi:YT>4.0</xsi:YT>
      <xsi:ZT>-9.0</xsi:ZT>
      <xsi:AT>0.9</xsi:AT>
    </xsi:luz>

    <xsi:luz ID='6'>
      <xsi:XL>2.0</xsi:XL>
      <xsi:YL>1.0</xsi:YL>
      <xsi:ZL>0.0</xsi:ZL>
      <xsi:XD>1.0</xsi:XD>
      <xsi:YD>0.0</xsi:YD>
      <xsi:ZD>0.0</xsi:ZD>
      <xsi:XT>-1.65</xsi:XT>
      <xsi:YT>5.5</xsi:YT>
      <xsi:ZT>-0.5</xsi:ZT>
      <xsi:AT>0.9</xsi:AT>
    </xsi:luz>

    <xsi:luz ID='1'>
      <xsi:XL>4.0</xsi:XL>
      <xsi:YL>2.0</xsi:YL>
      <xsi:ZL>0.0</xsi:ZL>
      <xsi:XD>0.0</xsi:XD>
      <xsi:YD>0.0</xsi:YD>
      <xsi:ZD>1.0</xsi:ZD>
      <xsi:XT>7.0</xsi:XT>
      <xsi:YT>2.0</xsi:YT>
      <xsi:ZT>-5.5</xsi:ZT>
      <xsi:AT>0.5</xsi:AT>
    </xsi:luz>





    <xsi:luz ID='8'>
      <xsi:XL>4.0</xsi:XL>
      <xsi:YL>2.0</xsi:YL>
      <xsi:ZL>0.0</xsi:ZL>
      <xsi:XD>1.0</xsi:XD>
      <xsi:YD>0.0</xsi:YD>
      <xsi:ZD>0.0</xsi:ZD>
      <xsi:XT>-6.5</xsi:XT>
      <xsi:YT>3.0</xsi:YT>
      <xsi:ZT>0.0</xsi:ZT>
      <xsi:AT>0.9</xsi:AT>
    </xsi:luz>



  </xsi:luzes>

  <xsi:posicoes>
    <xsi:posicao ID='Q'>
      <xsi:TX>-3.6</xsi:TX>
      <xsi:TY>30.0</xsi:TY>
      <xsi:TZ>-6.0</xsi:TZ>
      <xsi:PA>1.0</xsi:PA>
      <xsi:FS>0.0</xsi:FS>
      <xsi:FD>0.0</xsi:FD>
      <xsi:Gr>-1.55</xsi:Gr>
      <xsi:Frase> Q - Sala</xsi:Frase>
    </xsi:posicao>

    <xsi:posicao ID='I'>
      <xsi:TX>2.4</xsi:TX>
      <xsi:TY>30.0</xsi:TY>
      <xsi:TZ>5.4</xsi:TZ>
      <xsi:PA>1.0</xsi:PA>
      <xsi:FS>0.0</xsi:FS>
      <xsi:FD>0.0</xsi:FD>
      <xsi:Gr>2.8</xsi:Gr>
      <xsi:Frase> I - Cozinha</xsi:Frase>
    </xsi:posicao>

    <xsi:posicao ID='R'>
      <xsi:TX>3.0</xsi:TX>
      <xsi:TY>30.0</xsi:TY>
      <xsi:TZ>2.4</xsi:TZ>
      <xsi:PA>1.0</xsi:PA>
      <xsi:FS>0.0</xsi:FS>
      <xsi:FD>0.0</xsi:FD>
      <xsi:Gr>0.9</xsi:Gr>
      <xsi:Frase> R - Casa de Banho</xsi:Frase>
    </xsi:posicao>

    <xsi:posicao ID='J'>
      <xsi:TX>3.6</xsi:TX>
      <xsi:TY>30.0</xsi:TY>
      <xsi:TZ>-5.4</xsi:TZ>
      <xsi:PA>1.0</xsi:PA>
      <xsi:FS>0.0</xsi:FS>
      <xsi:FD>0.0</xsi:FD>
      <xsi:Gr>-1.55</xsi:Gr>
      <xsi:Frase> J - Quarto</xsi:Frase>
    </xsi:posicao>

  </xsi:posicoes>

  <xsi:informacao>
    <xsi:personagem>
      <xsi:posicaoInicial G='3.16' X='3.8' Y='30.0' Z='5.1'/>
    </xsi:personagem>

    <xsi:skybox>
      <xsi:centro X='0.0' Y='25.0' Z='0.0'/>
      <xsi:dimensoes X='100.0' Y='75.0' Z='100.0'/>
    </xsi:skybox>

    <xsi:camara_planta zfar='100.0'>
      <xsi:eye X='0.0' Y='38.0' Z='0.0'/>
      <xsi:center X='0.0' Y='0.0' Z='0.0'/>
      <xsi:up X='0.0' Y='0.0' Z='1.0'/>
    </xsi:camara_planta>

    <xsi:camara_navegacao zfar='200.0'/>
  </xsi:informacao>

</xsi:imovel>